Rc,rep,seed,best_epoch,best_val_R2,test_loss,test_R2,bootstrap_R2_mean,bootstrap_R2_std,total_sec
0.5,0,2525,106,0.714858,0.004124,0.683965,0.683727,0.035609,211.273
0.5,1,2526,59,0.715424,0.004100,0.685739,0.685576,0.035154,170.255
0.5,2,2527,61,0.715915,0.004096,0.686086,0.685907,0.035038,184.877
0.5,3,2528,36,0.715387,0.004126,0.683769,0.683543,0.035438,148.267
0.5,4,2529,60,0.715676,0.004083,0.687089,0.686922,0.035007,186.855
0.5,5,2530,69,0.715224,0.004076,0.687623,0.687458,0.034618,180.006
0.5,6,2531,64,0.715398,0.004067,0.688272,0.688068,0.035078,182.692
0.5,7,2532,57,0.715489,0.004107,0.685236,0.685021,0.035433,167.184
0.5,8,2533,91,0.714665,0.004184,0.679352,0.679108,0.036412,207.677
0.5,9,2534,50,0.714979,0.004125,0.683835,0.683606,0.036072,174.390
1.0,0,3025,138,0.748060,0.003042,0.766851,0.766176,0.026754,285.789
1.0,1,3026,174,0.765689,0.003200,0.754776,0.754057,0.028884,365.559
1.0,2,3027,143,0.793233,0.002716,0.791826,0.791150,0.024470,303.489
1.0,3,3028,153,0.751964,0.003191,0.755454,0.754125,0.028207,332.030
1.0,4,3029,151,0.786218,0.002835,0.782683,0.782024,0.024716,337.134
1.0,5,3030,166,0.790251,0.002823,0.783616,0.783091,0.024982,351.338
1.0,6,3031,133,0.781242,0.002851,0.781529,0.780789,0.025281,284.923
1.0,7,3032,125,0.744676,0.003194,0.755197,0.754196,0.026904,280.460
1.0,8,3033,166,0.797340,0.002625,0.798778,0.798011,0.023393,367.411
1.0,9,3034,131,0.750330,0.003132,0.759949,0.759103,0.026472,318.218
1.5,0,3525,148,0.851348,0.002307,0.823183,0.821763,0.024511,326.215
1.5,1,3526,181,0.835857,0.002559,0.803891,0.802646,0.027624,398.416
1.5,2,3527,186,0.854730,0.002010,0.845981,0.845020,0.021619,394.976
1.5,3,3528,161,0.829218,0.002625,0.798848,0.797782,0.028178,359.079
1.5,4,3529,174,0.844812,0.002099,0.839141,0.838067,0.022220,392.506
1.5,5,3530,148,0.856250,0.002007,0.846161,0.845168,0.022620,333.263
1.5,6,3531,158,0.854541,0.002009,0.846055,0.845102,0.022483,353.998
1.5,7,3532,154,0.841717,0.002427,0.813967,0.812993,0.025671,348.029
1.5,8,3533,186,0.856542,0.001991,0.847414,0.846412,0.022359,410.484
1.5,9,3534,164,0.845325,0.002396,0.816399,0.815134,0.024796,354.158
2.0,0,4025,147,0.862580,0.002263,0.826537,0.824893,0.023249,369.094
2.0,1,4026,147,0.866063,0.002070,0.841324,0.840072,0.021243,378.312
2.0,2,4027,118,0.864529,0.002129,0.836846,0.835895,0.021728,325.112
2.0,3,4028,153,0.882779,0.001816,0.860797,0.859808,0.018829,407.944
2.0,4,4029,145,0.871927,0.001906,0.853922,0.852768,0.019690,371.235
2.0,5,4030,131,0.866995,0.002130,0.836749,0.835507,0.020811,356.343
2.0,6,4031,172,0.881519,0.001759,0.865176,0.863793,0.017363,439.267
2.0,7,4032,119,0.881499,0.001782,0.863393,0.862144,0.017110,334.218
2.0,8,4033,113,0.854464,0.002442,0.812879,0.811706,0.024135,289.813
2.0,9,4034,124,0.872070,0.002064,0.841834,0.840327,0.020703,317.301
2.5,0,4525,162,0.883062,0.001636,0.874628,0.873492,0.016278,454.287
2.5,1,4526,175,0.877575,0.001662,0.872612,0.871620,0.015824,505.198
2.5,2,4527,149,0.880170,0.001596,0.877709,0.877063,0.015664,431.201
2.5,3,4528,143,0.882897,0.001529,0.882784,0.881927,0.014716,411.486
2.5,4,4529,156,0.877654,0.001586,0.878414,0.877718,0.015427,461.173
2.5,5,4530,162,0.888802,0.001430,0.890368,0.889466,0.013508,461.662
2.5,6,4531,154,0.884602,0.001572,0.879556,0.878845,0.014745,443.513
2.5,7,4532,181,0.891122,0.001472,0.887151,0.886611,0.014477,520.171
2.5,8,4533,158,0.880245,0.001651,0.873473,0.872419,0.015851,455.004
2.5,9,4534,195,0.891190,0.001395,0.893100,0.892652,0.013045,559.269
3.0,0,5025,149,0.878175,0.001791,0.862706,0.861608,0.016697,479.679
3.0,1,5026,141,0.875567,0.001566,0.879978,0.878748,0.013688,461.127
3.0,2,5027,201,0.878736,0.001435,0.890011,0.889005,0.012794,646.948
3.0,3,5028,209,0.878400,0.001666,0.872299,0.871218,0.015022,681.973
3.0,4,5029,184,0.886889,0.001514,0.883930,0.882812,0.012944,657.650
3.0,5,5030,178,0.878699,0.001488,0.885950,0.884842,0.013174,585.149
3.0,6,5031,196,0.873346,0.001657,0.873016,0.871861,0.015086,639.921
3.0,7,5032,155,0.860338,0.001785,0.863186,0.862057,0.016040,510.389
3.0,8,5033,141,0.836915,0.002066,0.841694,0.840405,0.018400,465.273
3.0,9,5034,119,0.831093,0.002173,0.833493,0.832194,0.018516,400.560
3.5,0,5525,167,0.812899,0.002404,0.815769,0.814383,0.022327,595.228
3.5,1,5526,109,0.800585,0.002511,0.807521,0.806141,0.022135,396.871
3.5,2,5527,167,0.807254,0.002354,0.819558,0.817716,0.021975,595.861
3.5,3,5528,23,0.776843,0.002896,0.778017,0.776729,0.024938,282.917
3.5,4,5529,53,0.784393,0.002799,0.785492,0.784242,0.024283,303.398
3.5,5,5530,203,0.888053,0.001439,0.889693,0.888818,0.013358,737.577
3.5,6,5531,46,0.779140,0.002879,0.779344,0.778084,0.025578,301.928
3.5,7,5532,177,0.865807,0.001673,0.871761,0.870569,0.016031,627.284
3.5,8,5533,93,0.790442,0.002701,0.793016,0.791687,0.023329,381.756
3.5,9,5534,105,0.795810,0.002585,0.801863,0.800547,0.022229,420.560
4.0,0,6025,197,0.884300,0.001537,0.882173,0.881087,0.014069,831.048
4.0,1,6026,129,0.822186,0.002350,0.819910,0.818758,0.021109,532.620
4.0,2,6027,117,0.785825,0.002855,0.781191,0.780101,0.026673,490.518
4.0,3,6028,207,0.860625,0.001778,0.863762,0.862772,0.016512,840.058
4.0,4,6029,189,0.877640,0.001606,0.876910,0.875922,0.015161,768.222
4.0,5,6030,112,0.772405,0.002970,0.772376,0.771180,0.027632,461.824
4.0,6,6031,87,0.771579,0.002958,0.773322,0.772204,0.027244,360.698
4.0,7,6032,88,0.776098,0.002896,0.778058,0.776939,0.026453,366.773
4.0,8,6033,75,0.776018,0.002925,0.775851,0.774787,0.026582,383.558
4.0,9,6034,192,0.885325,0.001507,0.884509,0.883574,0.014398,762.365
5.0,0,7025,166,0.865772,0.001652,0.873378,0.872576,0.015750,843.335
5.0,1,7026,184,0.814787,0.002232,0.828928,0.827762,0.020335,932.231
5.0,2,7027,178,0.851597,0.001868,0.856859,0.856047,0.017203,899.784
5.0,3,7028,189,0.862801,0.001697,0.869954,0.869100,0.016130,951.969
5.0,4,7029,184,0.856134,0.001757,0.865354,0.864535,0.016075,929.042
5.0,5,7030,206,0.859124,0.001762,0.864955,0.864182,0.016138,1034.778
5.0,6,7031,181,0.857989,0.001681,0.871137,0.870321,0.015644,904.800
5.0,7,7032,160,0.858145,0.001745,0.866281,0.865513,0.016640,800.782
5.0,8,7033,171,0.860171,0.001723,0.867976,0.867164,0.016092,849.456
5.0,9,7034,193,0.868423,0.001612,0.876418,0.875608,0.015243,956.446
6.0,0,8025,196,0.844448,0.001973,0.848802,0.847847,0.018691,1208.304
6.0,1,8026,226,0.854669,0.001867,0.856890,0.855853,0.017457,1400.424
6.0,2,8027,220,0.864685,0.001769,0.864412,0.863635,0.016849,1363.290
6.0,3,8028,219,0.813836,0.002275,0.825639,0.824133,0.022033,1358.067
6.0,4,8029,234,0.872157,0.001625,0.875420,0.874567,0.015724,1438.721
6.0,5,8030,227,0.867643,0.001745,0.866245,0.865443,0.016571,1374.846
6.0,6,8031,129,0.767129,0.002926,0.775755,0.774122,0.027577,800.266
6.0,7,8032,260,0.867338,0.001774,0.864043,0.863108,0.017094,1573.851
6.0,8,8033,179,0.849411,0.001926,0.852409,0.851435,0.018314,1092.399
6.0,9,8034,140,0.767044,0.003018,0.768718,0.767157,0.027698,860.380
7.0,0,9025,108,0.693811,0.003714,0.715385,0.712510,0.033006,820.964
7.0,1,9026,238,0.812264,0.002231,0.829009,0.827163,0.021086,1775.567
7.0,2,9027,151,0.728680,0.003317,0.745809,0.743434,0.029404,1145.663
7.0,3,9028,182,0.820277,0.002308,0.823110,0.821629,0.021198,1373.339
7.0,4,9029,239,0.793522,0.002447,0.812435,0.811077,0.021989,1791.285
7.0,5,9030,215,0.860415,0.001804,0.861771,0.860617,0.016385,1617.349
7.0,6,9031,102,0.696188,0.003647,0.720481,0.717609,0.031864,780.021
7.0,7,9032,222,0.810943,0.002305,0.823351,0.822180,0.019510,1650.427
7.0,8,9033,245,0.816490,0.002385,0.817217,0.816010,0.022113,1809.599
7.0,9,9034,232,0.856362,0.001813,0.861032,0.860084,0.016061,1704.820
